[
   {
      "GlyphGeometriesURL" : "./data/cm_3.json",
      "GroupName" : "average_large_0_whole_cm",
      "MorphColours" : false,
      "MorphNormals" : false,
      "MorphVertices" : false,
      "Type" : "Glyph",
      "URL" : "./data/cm_2.json"
   },
   {
      "GroupName" : "average_large_0_whole_cm",
      "MorphColours" : false,
      "MorphNormals" : false,
      "MorphVertices" : false,
      "Type" : "Lines",
      "URL" : "./data/cm_4.json"
   },
   {
      "GroupName" : "average_large_0_whole_cm",
      "MorphColours" : false,
      "MorphNormals" : false,
      "MorphVertices" : false,
      "Type" : "Surfaces",
      "URL" : "./data/cm_5.json"
   }
]
