[
   {
      "GroupName" : "average_large_0_whole_lm",
      "MorphColours" : false,
      "MorphNormals" : false,
      "MorphVertices" : false,
      "Type" : "Surfaces",
      "URL" : "./data/lm_2.json"
   },
   {
      "GlyphGeometriesURL" : "./data/lm_4.json",
      "GroupName" : "average_large_0_whole_lm",
      "MorphColours" : false,
      "MorphNormals" : false,
      "MorphVertices" : false,
      "Type" : "Glyph",
      "URL" : "./data/lm_3.json"
   },
   {
      "GroupName" : "average_large_0_whole_lm",
      "MorphColours" : false,
      "MorphNormals" : false,
      "MorphVertices" : false,
      "Type" : "Lines",
      "URL" : "./data/lm_5.json"
   }
]
