{
   "GlyphGeometriesURL" : "lm_4.json",
   "axis1" : {
      "0" : [
         1,
         0,
         0,
         1,
         0,
         0,
         1,
         0,
         0,
         1,
         0,
         0,
         1,
         0,
         0,
         1,
         0,
         0,
         1,
         0,
         0,
         1,
         0,
         0,
         1,
         0,
         0,
         1,
         0,
         0,
         1,
         0,
         0,
         1,
         0,
         0,
         1,
         0,
         0,
         1,
         0,
         0,
         1,
         0,
         0,
         1,
         0,
         0,
         1,
         0,
         0,
         1,
         0,
         0,
         1,
         0,
         0
      ]
   },
   "axis2" : {
      "0" : [
         0,
         1,
         0,
         0,
         1,
         0,
         0,
         1,
         0,
         0,
         1,
         0,
         0,
         1,
         0,
         0,
         1,
         0,
         0,
         1,
         0,
         0,
         1,
         0,
         0,
         1,
         0,
         0,
         1,
         0,
         0,
         1,
         0,
         0,
         1,
         0,
         0,
         1,
         0,
         0,
         1,
         0,
         0,
         1,
         0,
         0,
         1,
         0,
         0,
         1,
         0,
         0,
         1,
         0,
         0,
         1,
         0
      ]
   },
   "axis3" : {
      "0" : [
         0,
         0,
         1,
         0,
         0,
         1,
         0,
         0,
         1,
         0,
         0,
         1,
         0,
         0,
         1,
         0,
         0,
         1,
         0,
         0,
         1,
         0,
         0,
         1,
         0,
         0,
         1,
         0,
         0,
         1,
         0,
         0,
         1,
         0,
         0,
         1,
         0,
         0,
         1,
         0,
         0,
         1,
         0,
         0,
         1,
         0,
         0,
         1,
         0,
         0,
         1,
         0,
         0,
         1,
         0,
         0,
         1
      ]
   },
   "colors" : {
      "0" : [
         16711680,
         16774656,
         56063,
         7143217,
         61951,
         56063,
         58879,
         56063,
         34047,
         52991,
         56063,
         61951,
         3669849,
         52991,
         65023,
         2948988,
         11665178,
         7143217,
         16758528
      ]
   },
   "metadata" : {
      "MorphColours" : false,
      "MorphVertices" : false,
      "base_size" : [ 1, 1, 1 ],
      "number_of_time_steps" : 0,
      "number_of_vertices" : 19,
      "offset" : [ 0, 0, 0 ],
      "repeat_mode" : "NONE",
      "scale_factors" : [ 1, 1, 1 ]
   },
   "positions" : {
      "0" : [
         -0.3091300129890442,
         8.032299995422363,
         -11.72799968719482,
         -0.1991399973630905,
         13.52600002288818,
         -17.92000007629395,
         -5.053500175476074,
         4.485499858856201,
         -13.51500034332275,
         -1.060799956321716,
         -1.442899942398071,
         -12.5939998626709,
         -1.711599946022034,
         5.665500164031982,
         -28.86899948120117,
         -8.122400283813477,
         0.2046599984169006,
         -25.24900054931641,
         -8.244999885559082,
         -5.31309986114502,
         -21.6919994354248,
         0.3393499851226807,
         -10.64000034332275,
         -18.51700019836426,
         -2.193700075149536,
         4.760000228881836,
         -33.04899978637695,
         -8.36870002746582,
         -1.077299952507019,
         -32.3849983215332,
         -8.621600151062012,
         -7.734399795532227,
         -31.83699989318848,
         0.397460013628006,
         -15.22599983215332,
         -30.76399993896484,
         -2.696099996566772,
         5.733699798583984,
         -35.84700012207031,
         -6.87440013885498,
         1.32669997215271,
         -40.44900131225586,
         -6.43720006942749,
         -1.81470000743866,
         -44.06999969482422,
         -0.2518799901008606,
         -5.401800155639648,
         -48.05699920654297,
         -4.985599994659424,
         5.742800235748291,
         -41.10400009155273,
         -3.292500019073486,
         5.918300151824951,
         -45.2859992980957,
         -2.278300046920776,
         9.725299835205078,
         -41.67300033569336
      ]
   },
   "scale" : {
      "0" : [
         0,
         0,
         0,
         0,
         0,
         0,
         0,
         0,
         0,
         0,
         0,
         0,
         0,
         0,
         0,
         0,
         0,
         0,
         0,
         0,
         0,
         0,
         0,
         0,
         0,
         0,
         0,
         0,
         0,
         0,
         0,
         0,
         0,
         0,
         0,
         0,
         0,
         0,
         0,
         0,
         0,
         0,
         0,
         0,
         0,
         0,
         0,
         0,
         0,
         0,
         0,
         0,
         0,
         0,
         0,
         0,
         0
      ]
   }
}
